﻿Country Name,Country Code,Series Name,Series Code,1990 [YR1990],2000 [YR2000],2010 [YR2010]
Afghanistan,AFG,"GDP per capita, PPP (current international $)",NY.GDP.PCAP.PP.CD,..,..,1581.60083598967
Albania,ALB,"GDP per capita, PPP (current international $)",NY.GDP.PCAP.PP.CD,2721.61521196936,4026.53742165438,9646.61572668359
Algeria,DZA,"GDP per capita, PPP (current international $)",NY.GDP.PCAP.PP.CD,6616.20968397166,8093.28787154941,12609.8694102618
American Samoa,ASM,"GDP per capita, PPP (current international $)",NY.GDP.PCAP.PP.CD,..,..,..
Andorra,AND,"GDP per capita, PPP (current international $)",NY.GDP.PCAP.PP.CD,..,..,..
Angola,AGO,"GDP per capita, PPP (current international $)",NY.GDP.PCAP.PP.CD,2840.20076315583,2781.25814006965,5775.864013056
Antigua and Barbuda,ATG,"GDP per capita, PPP (current international $)",NY.GDP.PCAP.PP.CD,10587.2525761003,14901.6486537537,18760.6333661396
Arab World,ARB,"GDP per capita, PPP (current international $)",NY.GDP.PCAP.PP.CD,6773.98508117941,9339.90317757517,14087.9715402868
Argentina,ARG,"GDP per capita, PPP (current international $)",NY.GDP.PCAP.PP.CD,6990.5540452718,11810.0613643332,18333.5436985461
Armenia,ARM,"GDP per capita, PPP (current international $)",NY.GDP.PCAP.PP.CD,2418.86092635283,2318.23807348524,6567.25858179835
Aruba,ABW,"GDP per capita, PPP (current international $)",NY.GDP.PCAP.PP.CD,..,..,..
Australia,AUS,"GDP per capita, PPP (current international $)",NY.GDP.PCAP.PP.CD,17373.7682260749,26406.1309508989,39191.0356251816
Austria,AUT,"GDP per capita, PPP (current international $)",NY.GDP.PCAP.PP.CD,19394.2337451815,29301.086978103,41906.7295926896
Azerbaijan,AZE,"GDP per capita, PPP (current international $)",NY.GDP.PCAP.PP.CD,5502.43398864152,3534.32914766215,15627.6056198817
"Bahamas, The",BHS,"GDP per capita, PPP (current international $)",NY.GDP.PCAP.PP.CD,15693.8358583275,20487.3431803414,22431.9299506065
Bahrain,BHR,"GDP per capita, PPP (current international $)",NY.GDP.PCAP.PP.CD,22969.1779407432,36053.1051263563,40230.2310964385
Bangladesh,BGD,"GDP per capita, PPP (current international $)",NY.GDP.PCAP.PP.CD,832.434081719866,1301.46328479352,2393.31583163503
Barbados,BRB,"GDP per capita, PPP (current international $)",NY.GDP.PCAP.PP.CD,8595.21093112885,11445.4449153531,15035.1870256305
Belarus,BLR,"GDP per capita, PPP (current international $)",NY.GDP.PCAP.PP.CD,5399.40549943281,5994.55717304,15906.7560805789
Belgium,BEL,"GDP per capita, PPP (current international $)",NY.GDP.PCAP.PP.CD,18757.8052190019,27966.9388039373,40129.426334665
Belize,BLZ,"GDP per capita, PPP (current international $)",NY.GDP.PCAP.PP.CD,3338.21210391779,5516.14241381737,7715.95031849724
Benin,BEN,"GDP per capita, PPP (current international $)",NY.GDP.PCAP.PP.CD,945.37674549935,1320.88957456507,1781.98706633659
Bermuda,BMU,"GDP per capita, PPP (current international $)",NY.GDP.PCAP.PP.CD,26210.9109007466,40535.2082576999,55254.2141192067
Bhutan,BTN,"GDP per capita, PPP (current international $)",NY.GDP.PCAP.PP.CD,1502.88065800944,2804.93275688453,6289.81436412947
Bolivia,BOL,"GDP per capita, PPP (current international $)",NY.GDP.PCAP.PP.CD,2396.11496689992,3497.27947511032,5298.08451219437
Bosnia and Herzegovina,BIH,"GDP per capita, PPP (current international $)",NY.GDP.PCAP.PP.CD,..,4525.82188364019,9317.07051965154
Botswana,BWA,"GDP per capita, PPP (current international $)",NY.GDP.PCAP.PP.CD,5242.045646628,8251.81944630696,13064.4662321305
Brazil,BRA,"GDP per capita, PPP (current international $)",NY.GDP.PCAP.PP.CD,6686.08048384202,9012.76401799382,14244.9787898614
British Virgin Islands,VGB,"GDP per capita, PPP (current international $)",NY.GDP.PCAP.PP.CD,..,..,..
Brunei Darussalam,BRN,"GDP per capita, PPP (current international $)",NY.GDP.PCAP.PP.CD,54726.5642826069,65034.8346589503,78923.3904740313
Bulgaria,BGR,"GDP per capita, PPP (current international $)",NY.GDP.PCAP.PP.CD,5187.75319639011,6370.55793273078,14962.9848631188
Burkina Faso,BFA,"GDP per capita, PPP (current international $)",NY.GDP.PCAP.PP.CD,530.78551538395,829.052529199877,1395.96036598524
Burundi,BDI,"GDP per capita, PPP (current international $)",NY.GDP.PCAP.PP.CD,702.879896737916,597.71818925313,748.380657602419
Cabo Verde,CPV,"GDP per capita, PPP (current international $)",NY.GDP.PCAP.PP.CD,1070.91406516043,3039.91935103396,5710.34425217671
Cambodia,KHM,"GDP per capita, PPP (current international $)",NY.GDP.PCAP.PP.CD,..,1090.63221035052,2471.89147442463
Cameroon,CMR,"GDP per capita, PPP (current international $)",NY.GDP.PCAP.PP.CD,1843.49885011014,1986.88862491601,2601.22829735359
Canada,CAN,"GDP per capita, PPP (current international $)",NY.GDP.PCAP.PP.CD,20107.8306877283,29185.3550587258,40027.2402088674
Caribbean small states,CSS,"GDP per capita, PPP (current international $)",NY.GDP.PCAP.PP.CD,5839.87438344658,8744.00198180736,13850.5813236175
Cayman Islands,CYM,"GDP per capita, PPP (current international $)",NY.GDP.PCAP.PP.CD,..,..,..
Central African Republic,CAF,"GDP per capita, PPP (current international $)",NY.GDP.PCAP.PP.CD,602.549493843312,649.459045704182,870.044080916885
Central Europe and the Baltics,CEB,"GDP per capita, PPP (current international $)",NY.GDP.PCAP.PP.CD,6874.70161670776,9997.42884405769,20755.3342737227
Chad,TCD,"GDP per capita, PPP (current international $)",NY.GDP.PCAP.PP.CD,717.712756095914,787.225118686826,1886.25106054051
Channel Islands,CHI,"GDP per capita, PPP (current international $)",NY.GDP.PCAP.PP.CD,..,..,..
Chile,CHL,"GDP per capita, PPP (current international $)",NY.GDP.PCAP.PP.CD,4589.10839980802,9608.17713576582,18356.7762179634
China,CHN,"GDP per capita, PPP (current international $)",NY.GDP.PCAP.PP.CD,986.568444391292,2933.31501968497,9333.12488218956
Colombia,COL,"GDP per capita, PPP (current international $)",NY.GDP.PCAP.PP.CD,4869.16184672328,6585.33413813744,10680.0030066548
Comoros,COM,"GDP per capita, PPP (current international $)",NY.GDP.PCAP.PP.CD,1034.10155080008,1173.81752641852,1383.9296940583
"Congo, Dem. Rep.",COD,"GDP per capita, PPP (current international $)",NY.GDP.PCAP.PP.CD,827.600330402252,419.463913592424,597.076987349427
"Congo, Rep.",COG,"GDP per capita, PPP (current international $)",NY.GDP.PCAP.PP.CD,3322.42159504868,3551.09349960406,5081.43434243558
Costa Rica,CRI,"GDP per capita, PPP (current international $)",NY.GDP.PCAP.PP.CD,5033.09994187275,7829.81296167726,12737.0201761635
Cote d'Ivoire,CIV,"GDP per capita, PPP (current international $)",NY.GDP.PCAP.PP.CD,2064.23166352787,2336.35692095684,2635.83777138699
Croatia,HRV,"GDP per capita, PPP (current international $)",NY.GDP.PCAP.PP.CD,..,10746.6242553014,19205.437355706
Cuba,CUB,"GDP per capita, PPP (current international $)",NY.GDP.PCAP.PP.CD,..,..,..
Curacao,CUW,"GDP per capita, PPP (current international $)",NY.GDP.PCAP.PP.CD,..,..,..
Cyprus,CYP,"GDP per capita, PPP (current international $)",NY.GDP.PCAP.PP.CD,13171.2749618418,21695.7945341996,33295.0278933853
Czech Republic,CZE,"GDP per capita, PPP (current international $)",NY.GDP.PCAP.PP.CD,12608.5103420969,16132.3697481226,27659.2652379998
Denmark,DNK,"GDP per capita, PPP (current international $)",NY.GDP.PCAP.PP.CD,18214.3334433556,28640.062432903,43082.7555384582
Djibouti,DJI,"GDP per capita, PPP (current international $)",NY.GDP.PCAP.PP.CD,2004.7118537912,1689.29947252882,2581.41660981976
Dominica,DMA,"GDP per capita, PPP (current international $)",NY.GDP.PCAP.PP.CD,4349.51581289506,6479.60557523942,9991.2406088445
Dominican Republic,DOM,"GDP per capita, PPP (current international $)",NY.GDP.PCAP.PP.CD,3404.30217098242,6312.2599294113,10898.5171855406
Early-demographic dividend,EAR,"GDP per capita, PPP (current international $)",NY.GDP.PCAP.PP.CD,2652.99129446117,3979.55309560277,6866.98081786363
East Asia & Pacific,EAS,"GDP per capita, PPP (current international $)",NY.GDP.PCAP.PP.CD,3194.15213050285,5712.74718696956,11721.3056741842
East Asia & Pacific (excluding high income),EAP,"GDP per capita, PPP (current international $)",NY.GDP.PCAP.PP.CD,1437.16841197855,3290.42335503242,8742.91181523414
East Asia & Pacific (IDA & IBRD countries),TEA,"GDP per capita, PPP (current international $)",NY.GDP.PCAP.PP.CD,1452.93469677579,3326.3575701312,8837.0365790664
Ecuador,ECU,"GDP per capita, PPP (current international $)",NY.GDP.PCAP.PP.CD,4829.41672331633,5855.63475390995,9163.15913647781
"Egypt, Arab Rep.",EGY,"GDP per capita, PPP (current international $)",NY.GDP.PCAP.PP.CD,3819.28637022443,5856.2217206123,9658.06521473712
El Salvador,SLV,"GDP per capita, PPP (current international $)",NY.GDP.PCAP.PP.CD,2927.75083367125,5044.13138788508,7152.20492482057
Equatorial Guinea,GNQ,"GDP per capita, PPP (current international $)",NY.GDP.PCAP.PP.CD,646.012805351637,8554.62758357766,33041.1883529952
Eritrea,ERI,"GDP per capita, PPP (current international $)",NY.GDP.PCAP.PP.CD,..,1330.93984994087,1387.71466344319
Estonia,EST,"GDP per capita, PPP (current international $)",NY.GDP.PCAP.PP.CD,..,9414.01535141414,21623.4496624486
Ethiopia,ETH,"GDP per capita, PPP (current international $)",NY.GDP.PCAP.PP.CD,421.378823580782,490.03639079122,1052.10426150867
Euro area,EMU,"GDP per capita, PPP (current international $)",NY.GDP.PCAP.PP.CD,16953.9239696511,25322.7398838134,35881.7043908077
Europe & Central Asia,ECS,"GDP per capita, PPP (current international $)",NY.GDP.PCAP.PP.CD,11547.5471915717,15832.5128687699,26017.9739743376
Europe & Central Asia (excluding high income),ECA,"GDP per capita, PPP (current international $)",NY.GDP.PCAP.PP.CD,6468.6688410708,6125.13204802867,15251.7451218273
Europe & Central Asia (IDA & IBRD countries),TEC,"GDP per capita, PPP (current international $)",NY.GDP.PCAP.PP.CD,6428.09026174493,6522.32038676103,15754.7102913675
European Union,EUU,"GDP per capita, PPP (current international $)",NY.GDP.PCAP.PP.CD,14962.4835627587,22547.1604629041,33275.3757339687
Faroe Islands,FRO,"GDP per capita, PPP (current international $)",NY.GDP.PCAP.PP.CD,..,..,..
Fiji,FJI,"GDP per capita, PPP (current international $)",NY.GDP.PCAP.PP.CD,3807.73543300453,5289.88152104758,7203.36569339968
Finland,FIN,"GDP per capita, PPP (current international $)",NY.GDP.PCAP.PP.CD,18148.2854091483,26732.3060722763,38812.3188865779
Fragile and conflict affected situations,FCS,"GDP per capita, PPP (current international $)",NY.GDP.PCAP.PP.CD,1810.44521584953,2400.02249449936,3690.17657555244
France,FRA,"GDP per capita, PPP (current international $)",NY.GDP.PCAP.PP.CD,17640.6612717007,26192.6532024335,36026.982564473
French Polynesia,PYF,"GDP per capita, PPP (current international $)",NY.GDP.PCAP.PP.CD,..,..,..
Gabon,GAB,"GDP per capita, PPP (current international $)",NY.GDP.PCAP.PP.CD,12603.959619176,14094.9221476111,15045.1636097952
"Gambia, The",GMB,"GDP per capita, PPP (current international $)",NY.GDP.PCAP.PP.CD,980.464167917719,1236.85557154308,1622.24895235482
Georgia,GEO,"GDP per capita, PPP (current international $)",NY.GDP.PCAP.PP.CD,5174.86822893522,2587.02780948458,6597.56854892246
Germany,DEU,"GDP per capita, PPP (current international $)",NY.GDP.PCAP.PP.CD,19421.7661386233,27277.1103282831,39263.1877913261
Ghana,GHA,"GDP per capita, PPP (current international $)",NY.GDP.PCAP.PP.CD,1240.69873117891,1790.59323991973,2997.5259544255
Gibraltar,GIB,"GDP per capita, PPP (current international $)",NY.GDP.PCAP.PP.CD,..,..,..
Greece,GRC,"GDP per capita, PPP (current international $)",NY.GDP.PCAP.PP.CD,13290.1818315717,19503.8794318906,28202.8333605299
Greenland,GRL,"GDP per capita, PPP (current international $)",NY.GDP.PCAP.PP.CD,..,..,..
Grenada,GRD,"GDP per capita, PPP (current international $)",NY.GDP.PCAP.PP.CD,4680.4590580767,7650.04492066059,10951.8841081545
Guam,GUM,"GDP per capita, PPP (current international $)",NY.GDP.PCAP.PP.CD,..,..,..
Guatemala,GTM,"GDP per capita, PPP (current international $)",NY.GDP.PCAP.PP.CD,3296.80212677172,4811.82562076063,6578.24729507297
Guinea,GIN,"GDP per capita, PPP (current international $)",NY.GDP.PCAP.PP.CD,726.427246791612,896.331029134577,1170.27669394097
Guinea-Bissau,GNB,"GDP per capita, PPP (current international $)",NY.GDP.PCAP.PP.CD,1014.97141309245,1078.20723384279,1365.14795741253
Guyana,GUY,"GDP per capita, PPP (current international $)",NY.GDP.PCAP.PP.CD,1833.88089978844,3576.90107145394,5717.7597725588
Haiti,HTI,"GDP per capita, PPP (current international $)",NY.GDP.PCAP.PP.CD,..,1378.69204751107,1471.64864918954
Heavily indebted poor countries (HIPC),HPC,"GDP per capita, PPP (current international $)",NY.GDP.PCAP.PP.CD,943.231458002818,1127.82810749593,1768.09458024568
High income,HIC,"GDP per capita, PPP (current international $)",NY.GDP.PCAP.PP.CD,18272.5713269769,27873.1399260524,39222.3420840005
Honduras,HND,"GDP per capita, PPP (current international $)",NY.GDP.PCAP.PP.CD,2049.95599314306,2638.27229240659,3890.85140670074
"Hong Kong SAR, China",HKG,"GDP per capita, PPP (current international $)",NY.GDP.PCAP.PP.CD,17434.3572392088,26962.5877702204,47134.5689688841
Hungary,HUN,"GDP per capita, PPP (current international $)",NY.GDP.PCAP.PP.CD,..,11843.4620156718,21466.5742153699
IBRD only,IBD,"GDP per capita, PPP (current international $)",NY.GDP.PCAP.PP.CD,2810.4539941267,4364.18231212108,9287.23228851309
Iceland,ISL,"GDP per capita, PPP (current international $)",NY.GDP.PCAP.PP.CD,22129.1680202186,29497.9112302704,38410.6693030689
IDA & IBRD total,IBT,"GDP per capita, PPP (current international $)",NY.GDP.PCAP.PP.CD,2507.69412651371,3773.79014940797,7755.02645700427
IDA blend,IDB,"GDP per capita, PPP (current international $)",NY.GDP.PCAP.PP.CD,1921.10793508737,2375.223566128,4167.53087521146
IDA only,IDX,"GDP per capita, PPP (current international $)",NY.GDP.PCAP.PP.CD,950.162764075769,1254.54073876961,2185.57225905396
IDA total,IDA,"GDP per capita, PPP (current international $)",NY.GDP.PCAP.PP.CD,1284.89292731513,1633.31894129172,2849.53903189494
India,IND,"GDP per capita, PPP (current international $)",NY.GDP.PCAP.PP.CD,1134.22227443449,1977.64502308403,4315.59602443676
Indonesia,IDN,"GDP per capita, PPP (current international $)",NY.GDP.PCAP.PP.CD,2989.53414981725,4601.8493370402,8262.89926894218
"Iran, Islamic Rep.",IRN,"GDP per capita, PPP (current international $)",NY.GDP.PCAP.PP.CD,6568.91878476226,9395.77452548494,17090.7746498604
Iraq,IRQ,"GDP per capita, PPP (current international $)",NY.GDP.PCAP.PP.CD,7446.87513440764,9651.69007613727,12460.3379670716
Ireland,IRL,"GDP per capita, PPP (current international $)",NY.GDP.PCAP.PP.CD,13734.5348733387,30155.2693174236,43221.4598419647
Isle of Man,IMN,"GDP per capita, PPP (current international $)",NY.GDP.PCAP.PP.CD,..,..,..
Israel,ISR,"GDP per capita, PPP (current international $)",NY.GDP.PCAP.PP.CD,13395.0802019035,24941.9193942924,28856.1027382105
Italy,ITA,"GDP per capita, PPP (current international $)",NY.GDP.PCAP.PP.CD,18546.2273919281,27006.3977185774,35075.7532036536
Jamaica,JAM,"GDP per capita, PPP (current international $)",NY.GDP.PCAP.PP.CD,4709.30383542814,6286.92155807195,7834.75403372656
Japan,JPN,"GDP per capita, PPP (current international $)",NY.GDP.PCAP.PP.CD,19454.4241242975,26795.2074273936,34996.3244625316
Jordan,JOR,"GDP per capita, PPP (current international $)",NY.GDP.PCAP.PP.CD,4061.06210339609,5734.61992031893,9281.11613501496
Kazakhstan,KAZ,"GDP per capita, PPP (current international $)",NY.GDP.PCAP.PP.CD,8434.96062741282,7887.89298387625,19690.3849700207
Kenya,KEN,"GDP per capita, PPP (current international $)",NY.GDP.PCAP.PP.CD,1538.53748783542,1689.95146779899,2425.76061730584
Kiribati,KIR,"GDP per capita, PPP (current international $)",NY.GDP.PCAP.PP.CD,1267.53711429538,1590.90878692919,1696.51197430927
"Korea, Dem. People’s Rep.",PRK,"GDP per capita, PPP (current international $)",NY.GDP.PCAP.PP.CD,..,..,..
"Korea, Rep.",KOR,"GDP per capita, PPP (current international $)",NY.GDP.PCAP.PP.CD,8276.03495903337,18083.0841020476,30376.8718192526
Kosovo,XKX,"GDP per capita, PPP (current international $)",NY.GDP.PCAP.PP.CD,..,3650.37273796574,7716.61186860413
Kuwait,KWT,"GDP per capita, PPP (current international $)",NY.GDP.PCAP.PP.CD,..,55420.7226520071,73682.8683779231
Kyrgyz Republic,KGZ,"GDP per capita, PPP (current international $)",NY.GDP.PCAP.PP.CD,2245.79271450972,1644.31197512554,2733.72933718566
Lao PDR,LAO,"GDP per capita, PPP (current international $)",NY.GDP.PCAP.PP.CD,1042.39157624553,1859.85217463112,3902.92135634158
Late-demographic dividend,LTE,"GDP per capita, PPP (current international $)",NY.GDP.PCAP.PP.CD,2857.11859872018,4746.4014576911,11559.8925169366
Latin America & Caribbean,LCN,"GDP per capita, PPP (current international $)",NY.GDP.PCAP.PP.CD,5824.21161940691,8644.2755164647,13285.2004733986
Latin America & Caribbean (excluding high income),LAC,"GDP per capita, PPP (current international $)",NY.GDP.PCAP.PP.CD,5741.48156240998,8426.1048153365,12895.7373601286
Latin America & the Caribbean (IDA & IBRD countries),TLA,"GDP per capita, PPP (current international $)",NY.GDP.PCAP.PP.CD,5779.50423794699,8558.32886297396,13194.0852998718
Latvia,LVA,"GDP per capita, PPP (current international $)",NY.GDP.PCAP.PP.CD,..,8013.11294041848,17592.6279271219
Least developed countries: UN classification,LDC,"GDP per capita, PPP (current international $)",NY.GDP.PCAP.PP.CD,846.573886374384,1133.6198441664,2064.24431471575
Lebanon,LBN,"GDP per capita, PPP (current international $)",NY.GDP.PCAP.PP.CD,5080.25869125864,9936.11457606819,15951.95653271
Lesotho,LSO,"GDP per capita, PPP (current international $)",NY.GDP.PCAP.PP.CD,891.945312478583,1412.44011565723,2326.6560624217
Liberia,LBR,"GDP per capita, PPP (current international $)",NY.GDP.PCAP.PP.CD,..,664.776666662298,685.500686062562
Libya,LBY,"GDP per capita, PPP (current international $)",NY.GDP.PCAP.PP.CD,..,17375.6464817473,29030.8433822135
Liechtenstein,LIE,"GDP per capita, PPP (current international $)",NY.GDP.PCAP.PP.CD,..,..,..
Lithuania,LTU,"GDP per capita, PPP (current international $)",NY.GDP.PCAP.PP.CD,..,8451.10730934255,20129.6880341734
Low & middle income,LMY,"GDP per capita, PPP (current international $)",NY.GDP.PCAP.PP.CD,2455.84115058861,3685.45932770245,7605.99782272413
Low income,LIC,"GDP per capita, PPP (current international $)",NY.GDP.PCAP.PP.CD,737.277486551308,856.127146928755,1332.20273093899
Lower middle income,LMC,"GDP per capita, PPP (current international $)",NY.GDP.PCAP.PP.CD,1799.4582768332,2553.22645654766,4909.59051262684
Luxembourg,LUX,"GDP per capita, PPP (current international $)",NY.GDP.PCAP.PP.CD,30955.1837070364,55306.3073546716,85779.0824032048
"Macao SAR, China",MAC,"GDP per capita, PPP (current international $)",NY.GDP.PCAP.PP.CD,26089.6727833266,33469.066891121,96198.2410025704
"Macedonia, FYR",MKD,"GDP per capita, PPP (current international $)",NY.GDP.PCAP.PP.CD,5255.56749954389,6122.33799743994,11295.6418211168
Madagascar,MDG,"GDP per capita, PPP (current international $)",NY.GDP.PCAP.PP.CD,1068.49121933808,1144.57885342718,1357.65456267808
Malawi,MWI,"GDP per capita, PPP (current international $)",NY.GDP.PCAP.PP.CD,480.999162177023,686.382576418882,1012.06745790371
Malaysia,MYS,"GDP per capita, PPP (current international $)",NY.GDP.PCAP.PP.CD,6819.84179590104,12927.7601010439,20680.3207584478
Maldives,MDV,"GDP per capita, PPP (current international $)",NY.GDP.PCAP.PP.CD,..,..,10301.7057528176
Mali,MLI,"GDP per capita, PPP (current international $)",NY.GDP.PCAP.PP.CD,822.002532966845,1159.5518729188,1834.11705927596
Malta,MLT,"GDP per capita, PPP (current international $)",NY.GDP.PCAP.PP.CD,9337.88941759698,19410.7763487076,27862.8507509239
Marshall Islands,MHL,"GDP per capita, PPP (current international $)",NY.GDP.PCAP.PP.CD,1865.02747468384,2276.12409267258,3381.54050062867
Mauritania,MRT,"GDP per capita, PPP (current international $)",NY.GDP.PCAP.PP.CD,1814.08481133947,2180.64424440336,3249.87692872441
Mauritius,MUS,"GDP per capita, PPP (current international $)",NY.GDP.PCAP.PP.CD,4774.34866917598,8780.06269209733,15616.0068425246
Mexico,MEX,"GDP per capita, PPP (current international $)",NY.GDP.PCAP.PP.CD,6036.99959118265,10428.9926935282,14764.8100317733
"Micronesia, Fed. Sts.",FSM,"GDP per capita, PPP (current international $)",NY.GDP.PCAP.PP.CD,1785.85372967711,2510.45841422698,3269.73600894062
Middle East & North Africa,MEA,"GDP per capita, PPP (current international $)",NY.GDP.PCAP.PP.CD,7501.42240424065,10611.5409729472,16381.7764258667
Middle East & North Africa (excluding high income),MNA,"GDP per capita, PPP (current international $)",NY.GDP.PCAP.PP.CD,5049.6653332682,7056.54748879827,11489.6652151926
Middle East & North Africa (IDA & IBRD countries),TMN,"GDP per capita, PPP (current international $)",NY.GDP.PCAP.PP.CD,5059.71390430649,7082.88308292072,11543.696533546
Middle income,MIC,"GDP per capita, PPP (current international $)",NY.GDP.PCAP.PP.CD,2598.1363709309,3947.28737949514,8279.95769772834
Moldova,MDA,"GDP per capita, PPP (current international $)",NY.GDP.PCAP.PP.CD,..,1839.71273635749,3831.74918707843
Monaco,MCO,"GDP per capita, PPP (current international $)",NY.GDP.PCAP.PP.CD,..,..,..
Mongolia,MNG,"GDP per capita, PPP (current international $)",NY.GDP.PCAP.PP.CD,3310.8614252155,3689.70348979766,7552.66557260908
Montenegro,MNE,"GDP per capita, PPP (current international $)",NY.GDP.PCAP.PP.CD,..,5998.01535638048,13661.3695281813
Morocco,MAR,"GDP per capita, PPP (current international $)",NY.GDP.PCAP.PP.CD,2528.458556106,3553.99424705968,6312.91542734005
Mozambique,MOZ,"GDP per capita, PPP (current international $)",NY.GDP.PCAP.PP.CD,244.659208094923,445.150263722863,899.198728120615
Myanmar,MMR,"GDP per capita, PPP (current international $)",NY.GDP.PCAP.PP.CD,480.206636903751,1035.52411754462,3645.93643504092
Namibia,NAM,"GDP per capita, PPP (current international $)",NY.GDP.PCAP.PP.CD,3696.56090957585,4839.87523976012,8289.69602705332
Nauru,NRU,"GDP per capita, PPP (current international $)",NY.GDP.PCAP.PP.CD,..,..,6459.08087785322
Nepal,NPL,"GDP per capita, PPP (current international $)",NY.GDP.PCAP.PP.CD,774.273246731998,1220.42487213358,1945.80668141075
Netherlands,NLD,"GDP per capita, PPP (current international $)",NY.GDP.PCAP.PP.CD,18899.8206037276,31572.6780325867,44585.5262255452
New Caledonia,NCL,"GDP per capita, PPP (current international $)",NY.GDP.PCAP.PP.CD,..,..,..
New Zealand,NZL,"GDP per capita, PPP (current international $)",NY.GDP.PCAP.PP.CD,14872.0180632281,21509.8296936971,31263.7857861676
Nicaragua,NIC,"GDP per capita, PPP (current international $)",NY.GDP.PCAP.PP.CD,1941.27358414488,2739.38879446792,3947.21676586778
Niger,NER,"GDP per capita, PPP (current international $)",NY.GDP.PCAP.PP.CD,577.984104872672,596.996405955864,797.511741535431
Nigeria,NGA,"GDP per capita, PPP (current international $)",NY.GDP.PCAP.PP.CD,1965.82799564736,2257.52522085715,5045.9781670335
North America,NAC,"GDP per capita, PPP (current international $)",NY.GDP.PCAP.PP.CD,23569.6915643083,35736.5062407811,47548.7002571933
Northern Mariana Islands,MNP,"GDP per capita, PPP (current international $)",NY.GDP.PCAP.PP.CD,..,..,..
Norway,NOR,"GDP per capita, PPP (current international $)",NY.GDP.PCAP.PP.CD,18431.3122880029,36927.96012964,57995.8601888632
Not classified,INX,"GDP per capita, PPP (current international $)",NY.GDP.PCAP.PP.CD,..,..,..
OECD members,OED,"GDP per capita, PPP (current international $)",NY.GDP.PCAP.PP.CD,16654.0047113825,25198.8289671432,35165.3203147839
Oman,OMN,"GDP per capita, PPP (current international $)",NY.GDP.PCAP.PP.CD,22648.6754265365,34848.351270974,44417.7680564443
Other small states,OSS,"GDP per capita, PPP (current international $)",NY.GDP.PCAP.PP.CD,..,10548.6096745438,20828.2314392186
Pacific island small states,PSS,"GDP per capita, PPP (current international $)",NY.GDP.PCAP.PP.CD,2671.44422176297,3567.52576412792,4664.42637142596
Pakistan,PAK,"GDP per capita, PPP (current international $)",NY.GDP.PCAP.PP.CD,1974.51729399558,2770.16649862845,4196.95580923862
Palau,PLW,"GDP per capita, PPP (current international $)",NY.GDP.PCAP.PP.CD,..,10801.9050642295,12157.3000958188
Panama,PAN,"GDP per capita, PPP (current international $)",NY.GDP.PCAP.PP.CD,5051.53376684478,8379.32772168747,15107.4294780668
Papua New Guinea,PNG,"GDP per capita, PPP (current international $)",NY.GDP.PCAP.PP.CD,1001.11835215985,1419.81679454025,2044.84899134939
Paraguay,PRY,"GDP per capita, PPP (current international $)",NY.GDP.PCAP.PP.CD,3901.57169991159,4822.97878912012,7142.05703875154
Peru,PER,"GDP per capita, PPP (current international $)",NY.GDP.PCAP.PP.CD,3433.76363438188,5202.23309486409,9755.14914796834
Philippines,PHL,"GDP per capita, PPP (current international $)",NY.GDP.PCAP.PP.CD,2591.92658615797,3348.15233949753,5483.62075662392
Poland,POL,"GDP per capita, PPP (current international $)",NY.GDP.PCAP.PP.CD,6175.23010538164,10644.713846923,21089.0110793747
Portugal,PRT,"GDP per capita, PPP (current international $)",NY.GDP.PCAP.PP.CD,11762.110073811,18872.3790051932,27360.9611166887
Post-demographic dividend,PST,"GDP per capita, PPP (current international $)",NY.GDP.PCAP.PP.CD,17834.1182000738,26802.9702092692,37728.7454175472
Pre-demographic dividend,PRE,"GDP per capita, PPP (current international $)",NY.GDP.PCAP.PP.CD,1557.0472008787,1832.0325214418,3109.40934773315
Puerto Rico,PRI,"GDP per capita, PPP (current international $)",NY.GDP.PCAP.PP.CD,16336.2069717835,25747.5094358107,33756.8159328219
Qatar,QAT,"GDP per capita, PPP (current international $)",NY.GDP.PCAP.PP.CD,..,85860.611439631,122609.410776499
Romania,ROU,"GDP per capita, PPP (current international $)",NY.GDP.PCAP.PP.CD,5258.96909471748,5873.463317105,17180.5104677973
Russian Federation,RUS,"GDP per capita, PPP (current international $)",NY.GDP.PCAP.PP.CD,8012.80231687333,6825.41139116801,20497.934076089
Rwanda,RWA,"GDP per capita, PPP (current international $)",NY.GDP.PCAP.PP.CD,559.001546316668,622.595838272698,1325.78162054261
Samoa,WSM,"GDP per capita, PPP (current international $)",NY.GDP.PCAP.PP.CD,2358.56247871515,3428.77656408677,5290.66066310442
San Marino,SMR,"GDP per capita, PPP (current international $)",NY.GDP.PCAP.PP.CD,..,..,..
Sao Tome and Principe,STP,"GDP per capita, PPP (current international $)",NY.GDP.PCAP.PP.CD,..,..,2588.07974323712
Saudi Arabia,SAU,"GDP per capita, PPP (current international $)",NY.GDP.PCAP.PP.CD,27441.4361809996,34139.6578640641,44502.4193075234
Senegal,SEN,"GDP per capita, PPP (current international $)",NY.GDP.PCAP.PP.CD,1190.54078197363,1511.98434010223,2136.48086304583
Serbia,SRB,"GDP per capita, PPP (current international $)",NY.GDP.PCAP.PP.CD,..,5721.68962868491,12098.7463411209
Seychelles,SYC,"GDP per capita, PPP (current international $)",NY.GDP.PCAP.PP.CD,9188.61300054011,14626.4603708639,19953.1605009972
Sierra Leone,SLE,"GDP per capita, PPP (current international $)",NY.GDP.PCAP.PP.CD,808.288067520116,723.465747177789,1192.59655886196
Singapore,SGP,"GDP per capita, PPP (current international $)",NY.GDP.PCAP.PP.CD,22194.8873698605,40978.0679626183,70646.8202648274
Sint Maarten (Dutch part),SXM,"GDP per capita, PPP (current international $)",NY.GDP.PCAP.PP.CD,..,..,..
Slovak Republic,SVK,"GDP per capita, PPP (current international $)",NY.GDP.PCAP.PP.CD,..,11347.9120676264,25010.5445790089
Slovenia,SVN,"GDP per capita, PPP (current international $)",NY.GDP.PCAP.PP.CD,..,18036.4672725117,27792.9779761335
Small states,SST,"GDP per capita, PPP (current international $)",NY.GDP.PCAP.PP.CD,..,9684.93715196277,18443.6156925513
Solomon Islands,SLB,"GDP per capita, PPP (current international $)",NY.GDP.PCAP.PP.CD,1158.63534708848,1370.75502056451,1746.76515681922
Somalia,SOM,"GDP per capita, PPP (current international $)",NY.GDP.PCAP.PP.CD,..,..,..
South Africa,ZAF,"GDP per capita, PPP (current international $)",NY.GDP.PCAP.PP.CD,6397.74171085152,7700.87763471357,11785.6051355226
South Asia,SAS,"GDP per capita, PPP (current international $)",NY.GDP.PCAP.PP.CD,1194.21742148148,1997.33614976172,4088.77170817459
South Asia (IDA & IBRD),TSA,"GDP per capita, PPP (current international $)",NY.GDP.PCAP.PP.CD,1194.21742148148,1997.33614976172,4088.77170817459
South Sudan,SSD,"GDP per capita, PPP (current international $)",NY.GDP.PCAP.PP.CD,..,..,3713.25848727013
Spain,ESP,"GDP per capita, PPP (current international $)",NY.GDP.PCAP.PP.CD,13626.4458519977,21517.3296358424,31984.1552475027
Sri Lanka,LKA,"GDP per capita, PPP (current international $)",NY.GDP.PCAP.PP.CD,2369.18570799747,4422.56485549837,8389.99039305163
St. Kitts and Nevis,KNA,"GDP per capita, PPP (current international $)",NY.GDP.PCAP.PP.CD,9259.51272745352,15989.9108164517,20979.0619772943
St. Lucia,LCA,"GDP per capita, PPP (current international $)",NY.GDP.PCAP.PP.CD,5877.10301967911,7930.86185145333,10622.2894588933
St. Martin (French part),MAF,"GDP per capita, PPP (current international $)",NY.GDP.PCAP.PP.CD,..,..,..
St. Vincent and the Grenadines,VCT,"GDP per capita, PPP (current international $)",NY.GDP.PCAP.PP.CD,3604.04947447735,5988.01912997914,9714.99907953801
Sub-Saharan Africa,SSF,"GDP per capita, PPP (current international $)",NY.GDP.PCAP.PP.CD,1638.12569064153,1900.46426821118,3163.24196776632
Sub-Saharan Africa (excluding high income),SSA,"GDP per capita, PPP (current international $)",NY.GDP.PCAP.PP.CD,1637.09820805024,1898.9157895668,3161.52370504429
Sub-Saharan Africa (IDA & IBRD countries),TSS,"GDP per capita, PPP (current international $)",NY.GDP.PCAP.PP.CD,1638.12569064153,1900.46426821118,3163.24196776632
Sudan,SDN,"GDP per capita, PPP (current international $)",NY.GDP.PCAP.PP.CD,1126.84678033842,1812.47080532025,3298.00474917495
Suriname,SUR,"GDP per capita, PPP (current international $)",NY.GDP.PCAP.PP.CD,6815.59519847733,7713.11421365365,13924.390720947
Swaziland,SWZ,"GDP per capita, PPP (current international $)",NY.GDP.PCAP.PP.CD,3476.08720736784,4628.36896401106,7148.91205344129
Sweden,SWE,"GDP per capita, PPP (current international $)",NY.GDP.PCAP.PP.CD,20096.1865746616,29257.9852567522,41667.832085041
Switzerland,CHE,"GDP per capita, PPP (current international $)",NY.GDP.PCAP.PP.CD,27523.764398118,35675.0945314876,52935.8041360887
Syrian Arab Republic,SYR,"GDP per capita, PPP (current international $)",NY.GDP.PCAP.PP.CD,..,..,..
Tajikistan,TJK,"GDP per capita, PPP (current international $)",NY.GDP.PCAP.PP.CD,2355.66865523634,935.197554267591,2063.73041090242
Tanzania,TZA,"GDP per capita, PPP (current international $)",NY.GDP.PCAP.PP.CD,951.779533140068,1174.30121144481,2048.29359256743
Thailand,THA,"GDP per capita, PPP (current international $)",NY.GDP.PCAP.PP.CD,4298.39893960415,7283.51129029312,13213.747749553
Timor-Leste,TLS,"GDP per capita, PPP (current international $)",NY.GDP.PCAP.PP.CD,..,1102.29314732106,1815.29354910178
Togo,TGO,"GDP per capita, PPP (current international $)",NY.GDP.PCAP.PP.CD,872.635745990101,1012.1789148409,1183.83933770636
Tonga,TON,"GDP per capita, PPP (current international $)",NY.GDP.PCAP.PP.CD,2310.12077125258,3647.46922411634,4883.07293214316
Trinidad and Tobago,TTO,"GDP per capita, PPP (current international $)",NY.GDP.PCAP.PP.CD,7921.0789249332,14524.0912057474,30628.5417613587
Tunisia,TUN,"GDP per capita, PPP (current international $)",NY.GDP.PCAP.PP.CD,3629.12019998381,6003.31200839351,10225.2522337184
Turkey,TUR,"GDP per capita, PPP (current international $)",NY.GDP.PCAP.PP.CD,6141.08041123204,9576.41193606658,17459.5697219998
Turkmenistan,TKM,"GDP per capita, PPP (current international $)",NY.GDP.PCAP.PP.CD,5375.3948276821,4227.15842552401,9741.30529127428
Turks and Caicos Islands,TCA,"GDP per capita, PPP (current international $)",NY.GDP.PCAP.PP.CD,..,..,..
Tuvalu,TUV,"GDP per capita, PPP (current international $)",NY.GDP.PCAP.PP.CD,1531.51646555871,2428.52215396405,2945.71868217363
Uganda,UGA,"GDP per capita, PPP (current international $)",NY.GDP.PCAP.PP.CD,505.460979991516,845.70105086328,1508.97741496366
Ukraine,UKR,"GDP per capita, PPP (current international $)",NY.GDP.PCAP.PP.CD,6763.20305813102,3802.54024262986,7666.2195766859
United Arab Emirates,ARE,"GDP per capita, PPP (current international $)",NY.GDP.PCAP.PP.CD,71786.1128303808,81818.620518073,56415.0740541116
United Kingdom,GBR,"GDP per capita, PPP (current international $)",NY.GDP.PCAP.PP.CD,16739.1467649314,26030.7288154422,35740.7372005297
United States,USA,"GDP per capita, PPP (current international $)",NY.GDP.PCAP.PP.CD,23954.4793548671,36449.8551155349,48373.8788155779
Upper middle income,UMC,"GDP per capita, PPP (current international $)",NY.GDP.PCAP.PP.CD,3358.1308341269,5382.73285467217,12066.7180724488
Uruguay,URY,"GDP per capita, PPP (current international $)",NY.GDP.PCAP.PP.CD,6360.38252638167,10204.9052364956,16736.8510315505
Uzbekistan,UZB,"GDP per capita, PPP (current international $)",NY.GDP.PCAP.PP.CD,1984.90340654174,1984.4701197699,4153.93884603207
Vanuatu,VUT,"GDP per capita, PPP (current international $)",NY.GDP.PCAP.PP.CD,1647.68903580596,2237.52451000507,2888.39827319918
"Venezuela, RB",VEN,"GDP per capita, PPP (current international $)",NY.GDP.PCAP.PP.CD,9339.95443021821,11424.2044872596,16210.2899564076
Vietnam,VNM,"GDP per capita, PPP (current international $)",NY.GDP.PCAP.PP.CD,970.235652440424,2100.24307607294,4395.51016267998
Virgin Islands (U.S.),VIR,"GDP per capita, PPP (current international $)",NY.GDP.PCAP.PP.CD,..,..,..
West Bank and Gaza,PSE,"GDP per capita, PPP (current international $)",NY.GDP.PCAP.PP.CD,..,..,..
World,WLD,"GDP per capita, PPP (current international $)",NY.GDP.PCAP.PP.CD,5439.66926043591,7914.16517063843,12834.7647257086
"Yemen, Rep.",YEM,"GDP per capita, PPP (current international $)",NY.GDP.PCAP.PP.CD,2150.41640378875,3086.35482115642,4388.14484651907
Zambia,ZMB,"GDP per capita, PPP (current international $)",NY.GDP.PCAP.PP.CD,1513.66871846388,1666.884355547,3212.94188088675
Zimbabwe,ZWE,"GDP per capita, PPP (current international $)",NY.GDP.PCAP.PP.CD,1675.80668134508,2037.52970623296,1430.86088858567
,,,,,,
,,,,,,
,,,,,,
Data from database: World Development Indicators,,,,,,
Last Updated: 10/30/2017,,,,,,
