﻿Country Name,Country Code,Series Name,Series Code,1990 [YR1990],2000 [YR2000],2010 [YR2010]
Afghanistan,AFG,"Fertility rate, total (births per woman)",SP.DYN.TFRT.IN,7.466,7.494,5.816
Albania,ALB,"Fertility rate, total (births per woman)",SP.DYN.TFRT.IN,2.978,2.157,1.653
Algeria,DZA,"Fertility rate, total (births per woman)",SP.DYN.TFRT.IN,4.726,2.514,2.889
American Samoa,ASM,"Fertility rate, total (births per woman)",SP.DYN.TFRT.IN,..,..,..
Andorra,AND,"Fertility rate, total (births per woman)",SP.DYN.TFRT.IN,..,..,1.27
Angola,AGO,"Fertility rate, total (births per woman)",SP.DYN.TFRT.IN,7.247,6.639,6.162
Antigua and Barbuda,ATG,"Fertility rate, total (births per woman)",SP.DYN.TFRT.IN,2.061,2.316,2.13
Arab World,ARB,"Fertility rate, total (births per woman)",SP.DYN.TFRT.IN,5.20619229940432,3.81622575249208,3.47166577488365
Argentina,ARG,"Fertility rate, total (births per woman)",SP.DYN.TFRT.IN,2.989,2.561,2.37
Armenia,ARM,"Fertility rate, total (births per woman)",SP.DYN.TFRT.IN,2.544,1.648,1.693
Aruba,ABW,"Fertility rate, total (births per woman)",SP.DYN.TFRT.IN,2.249,1.872,1.776
Australia,AUS,"Fertility rate, total (births per woman)",SP.DYN.TFRT.IN,1.902,1.756,1.928
Austria,AUT,"Fertility rate, total (births per woman)",SP.DYN.TFRT.IN,1.46,1.36,1.44
Azerbaijan,AZE,"Fertility rate, total (births per woman)",SP.DYN.TFRT.IN,2.74,2,1.92
"Bahamas, The",BHS,"Fertility rate, total (births per woman)",SP.DYN.TFRT.IN,2.639,2.071,1.865
Bahrain,BHR,"Fertility rate, total (births per woman)",SP.DYN.TFRT.IN,3.732,2.795,2.164
Bangladesh,BGD,"Fertility rate, total (births per woman)",SP.DYN.TFRT.IN,4.494,3.17,2.328
Barbados,BRB,"Fertility rate, total (births per woman)",SP.DYN.TFRT.IN,1.74,1.744,1.781
Belarus,BLR,"Fertility rate, total (births per woman)",SP.DYN.TFRT.IN,1.913,1.317,1.494
Belgium,BEL,"Fertility rate, total (births per woman)",SP.DYN.TFRT.IN,1.62,1.67,1.86
Belize,BLZ,"Fertility rate, total (births per woman)",SP.DYN.TFRT.IN,4.508,3.6,2.715
Benin,BEN,"Fertility rate, total (births per woman)",SP.DYN.TFRT.IN,6.744,5.962,5.362
Bermuda,BMU,"Fertility rate, total (births per woman)",SP.DYN.TFRT.IN,..,1.74,1.76
Bhutan,BTN,"Fertility rate, total (births per woman)",SP.DYN.TFRT.IN,5.639,3.604,2.382
Bolivia,BOL,"Fertility rate, total (births per woman)",SP.DYN.TFRT.IN,4.894,4.055,3.2
Bosnia and Herzegovina,BIH,"Fertility rate, total (births per woman)",SP.DYN.TFRT.IN,1.772,1.497,1.306
Botswana,BWA,"Fertility rate, total (births per woman)",SP.DYN.TFRT.IN,4.54,3.387,2.884
Brazil,BRA,"Fertility rate, total (births per woman)",SP.DYN.TFRT.IN,2.909,2.3,1.805
British Virgin Islands,VGB,"Fertility rate, total (births per woman)",SP.DYN.TFRT.IN,..,..,..
Brunei Darussalam,BRN,"Fertility rate, total (births per woman)",SP.DYN.TFRT.IN,3.291,2.218,1.838
Bulgaria,BGR,"Fertility rate, total (births per woman)",SP.DYN.TFRT.IN,1.82,1.26,1.57
Burkina Faso,BFA,"Fertility rate, total (births per woman)",SP.DYN.TFRT.IN,7.007,6.592,5.868
Burundi,BDI,"Fertility rate, total (births per woman)",SP.DYN.TFRT.IN,7.505,7.008,6.256
Cabo Verde,CPV,"Fertility rate, total (births per woman)",SP.DYN.TFRT.IN,5.307,3.762,2.666
Cambodia,KHM,"Fertility rate, total (births per woman)",SP.DYN.TFRT.IN,5.601,3.805,2.875
Cameroon,CMR,"Fertility rate, total (births per woman)",SP.DYN.TFRT.IN,6.436,5.58,5.111
Canada,CAN,"Fertility rate, total (births per woman)",SP.DYN.TFRT.IN,1.83,1.49,1.6269
Caribbean small states,CSS,"Fertility rate, total (births per woman)",SP.DYN.TFRT.IN,2.86552238374029,2.4369899227298,2.15196029864151
Cayman Islands,CYM,"Fertility rate, total (births per woman)",SP.DYN.TFRT.IN,..,..,..
Central African Republic,CAF,"Fertility rate, total (births per woman)",SP.DYN.TFRT.IN,5.808,5.5,5.215
Central Europe and the Baltics,CEB,"Fertility rate, total (births per woman)",SP.DYN.TFRT.IN,1.93106007004559,1.31771269641888,1.46532450184817
Chad,TCD,"Fertility rate, total (births per woman)",SP.DYN.TFRT.IN,7.313,7.354,6.592
Channel Islands,CHI,"Fertility rate, total (births per woman)",SP.DYN.TFRT.IN,1.46,1.402,1.436
Chile,CHL,"Fertility rate, total (births per woman)",SP.DYN.TFRT.IN,2.547,2.107,1.879
China,CHN,"Fertility rate, total (births per woman)",SP.DYN.TFRT.IN,2.35,1.497,1.59
Colombia,COL,"Fertility rate, total (births per woman)",SP.DYN.TFRT.IN,2.994,2.389,2.01
Comoros,COM,"Fertility rate, total (births per woman)",SP.DYN.TFRT.IN,6.412,5.384,4.754
"Congo, Dem. Rep.",COD,"Fertility rate, total (births per woman)",SP.DYN.TFRT.IN,6.746,6.751,6.544
"Congo, Rep.",COG,"Fertility rate, total (births per woman)",SP.DYN.TFRT.IN,5.349,5.096,4.948
Costa Rica,CRI,"Fertility rate, total (births per woman)",SP.DYN.TFRT.IN,3.172,2.373,1.922
Cote d'Ivoire,CIV,"Fertility rate, total (births per woman)",SP.DYN.TFRT.IN,6.622,5.859,5.269
Croatia,HRV,"Fertility rate, total (births per woman)",SP.DYN.TFRT.IN,1.63,1.39,1.55
Cuba,CUB,"Fertility rate, total (births per woman)",SP.DYN.TFRT.IN,1.75,1.617,1.639
Curacao,CUW,"Fertility rate, total (births per woman)",SP.DYN.TFRT.IN,..,..,2.2
Cyprus,CYP,"Fertility rate, total (births per woman)",SP.DYN.TFRT.IN,2.411,1.716,1.424
Czech Republic,CZE,"Fertility rate, total (births per woman)",SP.DYN.TFRT.IN,1.9,1.15,1.51
Denmark,DNK,"Fertility rate, total (births per woman)",SP.DYN.TFRT.IN,1.67,1.77,1.87
Djibouti,DJI,"Fertility rate, total (births per woman)",SP.DYN.TFRT.IN,6.073,4.484,3.301
Dominica,DMA,"Fertility rate, total (births per woman)",SP.DYN.TFRT.IN,..,..,..
Dominican Republic,DOM,"Fertility rate, total (births per woman)",SP.DYN.TFRT.IN,3.465,2.892,2.597
Early-demographic dividend,EAR,"Fertility rate, total (births per woman)",SP.DYN.TFRT.IN,4.22070035518704,3.32518259288736,2.76317826153295
East Asia & Pacific,EAS,"Fertility rate, total (births per woman)",SP.DYN.TFRT.IN,2.49664083746154,1.78856928409456,1.79695187107311
East Asia & Pacific (excluding high income),EAP,"Fertility rate, total (births per woman)",SP.DYN.TFRT.IN,2.61590565217076,1.82724346795262,1.84378534138284
East Asia & Pacific (IDA & IBRD countries),TEA,"Fertility rate, total (births per woman)",SP.DYN.TFRT.IN,2.62040673514893,1.82526176557671,1.84212420202414
Ecuador,ECU,"Fertility rate, total (births per woman)",SP.DYN.TFRT.IN,3.767,3.027,2.656
"Egypt, Arab Rep.",EGY,"Fertility rate, total (births per woman)",SP.DYN.TFRT.IN,4.663,3.233,3.185
El Salvador,SLV,"Fertility rate, total (births per woman)",SP.DYN.TFRT.IN,3.964,3.022,2.265
Equatorial Guinea,GNQ,"Fertility rate, total (births per woman)",SP.DYN.TFRT.IN,5.987,5.834,5.209
Eritrea,ERI,"Fertility rate, total (births per woman)",SP.DYN.TFRT.IN,6.387,5.328,4.605
Estonia,EST,"Fertility rate, total (births per woman)",SP.DYN.TFRT.IN,2.05,1.36,1.72
Ethiopia,ETH,"Fertility rate, total (births per woman)",SP.DYN.TFRT.IN,7.246,6.529,4.924
Euro area,EMU,"Fertility rate, total (births per woman)",SP.DYN.TFRT.IN,1.53415775973448,1.47030489782877,1.57978805538199
Europe & Central Asia,ECS,"Fertility rate, total (births per woman)",SP.DYN.TFRT.IN,1.95799754402768,1.55591635291296,1.72775800846773
Europe & Central Asia (excluding high income),ECA,"Fertility rate, total (births per woman)",SP.DYN.TFRT.IN,2.33335918678221,1.63828009337519,1.84744167268004
Europe & Central Asia (IDA & IBRD countries),TEC,"Fertility rate, total (births per woman)",SP.DYN.TFRT.IN,2.30818585062771,1.6147567499805,1.81174789456556
European Union,EUU,"Fertility rate, total (births per woman)",SP.DYN.TFRT.IN,1.65812200002045,1.46420296775997,1.61157822214678
Faroe Islands,FRO,"Fertility rate, total (births per woman)",SP.DYN.TFRT.IN,2.8,2.6,2.5
Fiji,FJI,"Fertility rate, total (births per woman)",SP.DYN.TFRT.IN,3.398,3.09,2.669
Finland,FIN,"Fertility rate, total (births per woman)",SP.DYN.TFRT.IN,1.78,1.73,1.87
Fragile and conflict affected situations,FCS,"Fertility rate, total (births per woman)",SP.DYN.TFRT.IN,5.89618908915442,5.29901926435802,4.79392769165145
France,FRA,"Fertility rate, total (births per woman)",SP.DYN.TFRT.IN,1.77,1.89,2.03
French Polynesia,PYF,"Fertility rate, total (births per woman)",SP.DYN.TFRT.IN,3.401,2.463,2.11
Gabon,GAB,"Fertility rate, total (births per woman)",SP.DYN.TFRT.IN,5.421,4.539,4.083
"Gambia, The",GMB,"Fertility rate, total (births per woman)",SP.DYN.TFRT.IN,6.107,5.947,5.707
Georgia,GEO,"Fertility rate, total (births per woman)",SP.DYN.TFRT.IN,2.18,1.608,1.918
Germany,DEU,"Fertility rate, total (births per woman)",SP.DYN.TFRT.IN,1.45,1.38,1.39
Ghana,GHA,"Fertility rate, total (births per woman)",SP.DYN.TFRT.IN,5.602,4.826,4.273
Gibraltar,GIB,"Fertility rate, total (births per woman)",SP.DYN.TFRT.IN,..,..,..
Greece,GRC,"Fertility rate, total (births per woman)",SP.DYN.TFRT.IN,1.39,1.25,1.48
Greenland,GRL,"Fertility rate, total (births per woman)",SP.DYN.TFRT.IN,2.444,2.329,2.195
Grenada,GRD,"Fertility rate, total (births per woman)",SP.DYN.TFRT.IN,3.842,2.582,2.24
Guam,GUM,"Fertility rate, total (births per woman)",SP.DYN.TFRT.IN,3.013,2.824,2.472
Guatemala,GTM,"Fertility rate, total (births per woman)",SP.DYN.TFRT.IN,5.437,4.598,3.375
Guinea,GIN,"Fertility rate, total (births per woman)",SP.DYN.TFRT.IN,6.598,6.082,5.336
Guinea-Bissau,GNB,"Fertility rate, total (births per woman)",SP.DYN.TFRT.IN,6.627,5.82,5.049
Guyana,GUY,"Fertility rate, total (births per woman)",SP.DYN.TFRT.IN,3.069,3.017,2.655
Haiti,HTI,"Fertility rate, total (births per woman)",SP.DYN.TFRT.IN,5.43,4.302,3.325
Heavily indebted poor countries (HIPC),HPC,"Fertility rate, total (births per woman)",SP.DYN.TFRT.IN,6.59801539684114,6.06449438285067,5.34211598445872
High income,HIC,"Fertility rate, total (births per woman)",SP.DYN.TFRT.IN,1.84957819143419,1.70805089082769,1.70256296288258
Honduras,HND,"Fertility rate, total (births per woman)",SP.DYN.TFRT.IN,5.139,4.055,2.871
"Hong Kong SAR, China",HKG,"Fertility rate, total (births per woman)",SP.DYN.TFRT.IN,1.272,1.035,1.127
Hungary,HUN,"Fertility rate, total (births per woman)",SP.DYN.TFRT.IN,1.87,1.32,1.25
IBRD only,IBD,"Fertility rate, total (births per woman)",SP.DYN.TFRT.IN,3.0916017042319,2.32730192081763,2.14881647312269
Iceland,ISL,"Fertility rate, total (births per woman)",SP.DYN.TFRT.IN,2.3,2.08,2.2
IDA & IBRD total,IBT,"Fertility rate, total (births per woman)",SP.DYN.TFRT.IN,3.59077084634655,2.85603132340195,2.64559696900146
IDA blend,IDB,"Fertility rate, total (births per woman)",SP.DYN.TFRT.IN,5.91819664414134,4.96104788241224,4.48262475992793
IDA only,IDX,"Fertility rate, total (births per woman)",SP.DYN.TFRT.IN,5.86557859502832,5.08468245511017,4.37219385405622
IDA total,IDA,"Fertility rate, total (births per woman)",SP.DYN.TFRT.IN,5.88303373436556,5.04380742367104,4.40872171405114
India,IND,"Fertility rate, total (births per woman)",SP.DYN.TFRT.IN,4.045,3.311,2.601
Indonesia,IDN,"Fertility rate, total (births per woman)",SP.DYN.TFRT.IN,3.122,2.512,2.483
"Iran, Islamic Rep.",IRN,"Fertility rate, total (births per woman)",SP.DYN.TFRT.IN,4.818,2.211,1.765
Iraq,IRQ,"Fertility rate, total (births per woman)",SP.DYN.TFRT.IN,5.882,4.894,4.562
Ireland,IRL,"Fertility rate, total (births per woman)",SP.DYN.TFRT.IN,2.11,1.89,2.05
Isle of Man,IMN,"Fertility rate, total (births per woman)",SP.DYN.TFRT.IN,..,..,..
Israel,ISR,"Fertility rate, total (births per woman)",SP.DYN.TFRT.IN,2.824,2.95,3.03
Italy,ITA,"Fertility rate, total (births per woman)",SP.DYN.TFRT.IN,1.33,1.26,1.46
Jamaica,JAM,"Fertility rate, total (births per woman)",SP.DYN.TFRT.IN,2.947,2.577,2.173
Japan,JPN,"Fertility rate, total (births per woman)",SP.DYN.TFRT.IN,1.54,1.359,1.39
Jordan,JOR,"Fertility rate, total (births per woman)",SP.DYN.TFRT.IN,5.488,4.033,3.663
Kazakhstan,KAZ,"Fertility rate, total (births per woman)",SP.DYN.TFRT.IN,2.72,1.8,2.6
Kenya,KEN,"Fertility rate, total (births per woman)",SP.DYN.TFRT.IN,6.066,5.178,4.373
Kiribati,KIR,"Fertility rate, total (births per woman)",SP.DYN.TFRT.IN,4.688,4.058,3.843
"Korea, Dem. People’s Rep.",PRK,"Fertility rate, total (births per woman)",SP.DYN.TFRT.IN,2.289,1.987,1.979
"Korea, Rep.",KOR,"Fertility rate, total (births per woman)",SP.DYN.TFRT.IN,1.57,1.467,1.226
Kosovo,XKX,"Fertility rate, total (births per woman)",SP.DYN.TFRT.IN,3.9,2.95,2.29
Kuwait,KWT,"Fertility rate, total (births per woman)",SP.DYN.TFRT.IN,2.967,2.845,2.215
Kyrgyz Republic,KGZ,"Fertility rate, total (births per woman)",SP.DYN.TFRT.IN,3.63,2.4,3.1
Lao PDR,LAO,"Fertility rate, total (births per woman)",SP.DYN.TFRT.IN,6.151,4.311,3.149
Late-demographic dividend,LTE,"Fertility rate, total (births per woman)",SP.DYN.TFRT.IN,2.45085136788168,1.65662833680338,1.68535735759968
Latin America & Caribbean,LCN,"Fertility rate, total (births per woman)",SP.DYN.TFRT.IN,3.2497553965431,2.61564540903863,2.19050952426778
Latin America & Caribbean (excluding high income),LAC,"Fertility rate, total (births per woman)",SP.DYN.TFRT.IN,3.29148918092847,2.64109011349845,2.20508496785636
Latin America & the Caribbean (IDA & IBRD countries),TLA,"Fertility rate, total (births per woman)",SP.DYN.TFRT.IN,3.30102905198597,2.64315446334336,2.20503244052646
Latvia,LVA,"Fertility rate, total (births per woman)",SP.DYN.TFRT.IN,2.02,1.25,1.36
Least developed countries: UN classification,LDC,"Fertility rate, total (births per woman)",SP.DYN.TFRT.IN,5.94922098127398,5.20492720754365,4.48603362755577
Lebanon,LBN,"Fertility rate, total (births per woman)",SP.DYN.TFRT.IN,3.002,2.225,1.614
Lesotho,LSO,"Fertility rate, total (births per woman)",SP.DYN.TFRT.IN,4.919,4.089,3.303
Liberia,LBR,"Fertility rate, total (births per woman)",SP.DYN.TFRT.IN,6.499,5.88,5.023
Libya,LBY,"Fertility rate, total (births per woman)",SP.DYN.TFRT.IN,4.966,2.856,2.412
Liechtenstein,LIE,"Fertility rate, total (births per woman)",SP.DYN.TFRT.IN,..,1.57,1.4
Lithuania,LTU,"Fertility rate, total (births per woman)",SP.DYN.TFRT.IN,2.03,1.39,1.5
Low & middle income,LMY,"Fertility rate, total (births per woman)",SP.DYN.TFRT.IN,3.59809046643592,2.8648458038363,2.65223171106303
Low income,LIC,"Fertility rate, total (births per woman)",SP.DYN.TFRT.IN,6.32379498161855,5.88214813421172,5.20355449511455
Lower middle income,LMC,"Fertility rate, total (births per woman)",SP.DYN.TFRT.IN,4.28512159380821,3.47136979643393,2.98498824545683
Luxembourg,LUX,"Fertility rate, total (births per woman)",SP.DYN.TFRT.IN,1.6,1.76,1.63
"Macao SAR, China",MAC,"Fertility rate, total (births per woman)",SP.DYN.TFRT.IN,1.722,0.938,1.061
"Macedonia, FYR",MKD,"Fertility rate, total (births per woman)",SP.DYN.TFRT.IN,2.206,1.723,1.465
Madagascar,MDG,"Fertility rate, total (births per woman)",SP.DYN.TFRT.IN,6.179,5.551,4.603
Malawi,MWI,"Fertility rate, total (births per woman)",SP.DYN.TFRT.IN,6.922,6.149,5.308
Malaysia,MYS,"Fertility rate, total (births per woman)",SP.DYN.TFRT.IN,3.554,2.784,2.149
Maldives,MDV,"Fertility rate, total (births per woman)",SP.DYN.TFRT.IN,5.993,2.944,2.229
Mali,MLI,"Fertility rate, total (births per woman)",SP.DYN.TFRT.IN,7.165,6.897,6.547
Malta,MLT,"Fertility rate, total (births per woman)",SP.DYN.TFRT.IN,2.04,1.7,1.36
Marshall Islands,MHL,"Fertility rate, total (births per woman)",SP.DYN.TFRT.IN,..,..,..
Mauritania,MRT,"Fertility rate, total (births per woman)",SP.DYN.TFRT.IN,6.04,5.453,4.983
Mauritius,MUS,"Fertility rate, total (births per woman)",SP.DYN.TFRT.IN,2.32,1.99,1.57
Mexico,MEX,"Fertility rate, total (births per woman)",SP.DYN.TFRT.IN,3.47,2.716,2.341
"Micronesia, Fed. Sts.",FSM,"Fertility rate, total (births per woman)",SP.DYN.TFRT.IN,4.958,4.3,3.46
Middle East & North Africa,MEA,"Fertility rate, total (births per woman)",SP.DYN.TFRT.IN,4.92133663145268,3.20106364189631,2.87787844846376
Middle East & North Africa (excluding high income),MNA,"Fertility rate, total (births per woman)",SP.DYN.TFRT.IN,4.92307621196022,3.16212363304728,2.89679804344702
Middle East & North Africa (IDA & IBRD countries),TMN,"Fertility rate, total (births per woman)",SP.DYN.TFRT.IN,4.90795736801003,3.14208107577169,2.8813904544327
Middle income,MIC,"Fertility rate, total (births per woman)",SP.DYN.TFRT.IN,3.39354543272933,2.62162024976061,2.41294721322104
Moldova,MDA,"Fertility rate, total (births per woman)",SP.DYN.TFRT.IN,2.414,1.435,1.274
Monaco,MCO,"Fertility rate, total (births per woman)",SP.DYN.TFRT.IN,..,..,..
Mongolia,MNG,"Fertility rate, total (births per woman)",SP.DYN.TFRT.IN,4.052,2.143,2.637
Montenegro,MNE,"Fertility rate, total (births per woman)",SP.DYN.TFRT.IN,2.078,1.875,1.767
Morocco,MAR,"Fertility rate, total (births per woman)",SP.DYN.TFRT.IN,4.057,2.777,2.578
Mozambique,MOZ,"Fertility rate, total (births per woman)",SP.DYN.TFRT.IN,6.211,5.818,5.562
Myanmar,MMR,"Fertility rate, total (births per woman)",SP.DYN.TFRT.IN,3.455,2.914,2.41
Namibia,NAM,"Fertility rate, total (births per woman)",SP.DYN.TFRT.IN,5.227,4.018,3.605
Nauru,NRU,"Fertility rate, total (births per woman)",SP.DYN.TFRT.IN,..,..,..
Nepal,NPL,"Fertility rate, total (births per woman)",SP.DYN.TFRT.IN,5.172,4.03,2.606
Netherlands,NLD,"Fertility rate, total (births per woman)",SP.DYN.TFRT.IN,1.62,1.72,1.79
New Caledonia,NCL,"Fertility rate, total (births per woman)",SP.DYN.TFRT.IN,3.19,2.59,2.17
New Zealand,NZL,"Fertility rate, total (births per woman)",SP.DYN.TFRT.IN,2.18,1.98,2.17
Nicaragua,NIC,"Fertility rate, total (births per woman)",SP.DYN.TFRT.IN,4.597,3.083,2.428
Niger,NER,"Fertility rate, total (births per woman)",SP.DYN.TFRT.IN,7.772,7.679,7.487
Nigeria,NGA,"Fertility rate, total (births per woman)",SP.DYN.TFRT.IN,6.49,6.106,5.839
North America,NAC,"Fertility rate, total (births per woman)",SP.DYN.TFRT.IN,2.05512522964771,1.99899892606766,1.90016683703547
Northern Mariana Islands,MNP,"Fertility rate, total (births per woman)",SP.DYN.TFRT.IN,..,..,..
Norway,NOR,"Fertility rate, total (births per woman)",SP.DYN.TFRT.IN,1.93,1.85,1.95
Not classified,INX,"Fertility rate, total (births per woman)",SP.DYN.TFRT.IN,..,..,..
OECD members,OED,"Fertility rate, total (births per woman)",SP.DYN.TFRT.IN,1.97640625962252,1.8069720615726,1.78904057124606
Oman,OMN,"Fertility rate, total (births per woman)",SP.DYN.TFRT.IN,7.165,3.716,2.901
Other small states,OSS,"Fertility rate, total (births per woman)",SP.DYN.TFRT.IN,4.43329132448182,3.73730546867216,3.298068110763
Pacific island small states,PSS,"Fertility rate, total (births per woman)",SP.DYN.TFRT.IN,4.36037524577209,3.85016101248422,3.4285595165597
Pakistan,PAK,"Fertility rate, total (births per woman)",SP.DYN.TFRT.IN,6.024,4.58,3.855
Palau,PLW,"Fertility rate, total (births per woman)",SP.DYN.TFRT.IN,2.84,..,..
Panama,PAN,"Fertility rate, total (births per woman)",SP.DYN.TFRT.IN,3.057,2.744,2.622
Papua New Guinea,PNG,"Fertility rate, total (births per woman)",SP.DYN.TFRT.IN,4.802,4.525,3.985
Paraguay,PRY,"Fertility rate, total (births per woman)",SP.DYN.TFRT.IN,4.547,3.553,2.73
Peru,PER,"Fertility rate, total (births per woman)",SP.DYN.TFRT.IN,3.828,2.929,2.545
Philippines,PHL,"Fertility rate, total (births per woman)",SP.DYN.TFRT.IN,4.32,3.811,3.158
Poland,POL,"Fertility rate, total (births per woman)",SP.DYN.TFRT.IN,2.06,1.37,1.41
Portugal,PRT,"Fertility rate, total (births per woman)",SP.DYN.TFRT.IN,1.56,1.55,1.39
Post-demographic dividend,PST,"Fertility rate, total (births per woman)",SP.DYN.TFRT.IN,1.74954049859433,1.6147642198127,1.66145120401798
Pre-demographic dividend,PRE,"Fertility rate, total (births per woman)",SP.DYN.TFRT.IN,6.5798771579887,6.10813356450573,5.60867929076779
Puerto Rico,PRI,"Fertility rate, total (births per woman)",SP.DYN.TFRT.IN,2.219,2.0485,1.6235
Qatar,QAT,"Fertility rate, total (births per woman)",SP.DYN.TFRT.IN,4.013,3.236,2.07
Romania,ROU,"Fertility rate, total (births per woman)",SP.DYN.TFRT.IN,1.83,1.31,1.59
Russian Federation,RUS,"Fertility rate, total (births per woman)",SP.DYN.TFRT.IN,1.892,1.195,1.567
Rwanda,RWA,"Fertility rate, total (births per woman)",SP.DYN.TFRT.IN,7.184,5.64,4.515
Samoa,WSM,"Fertility rate, total (births per woman)",SP.DYN.TFRT.IN,5.118,4.503,4.338
San Marino,SMR,"Fertility rate, total (births per woman)",SP.DYN.TFRT.IN,..,..,..
Sao Tome and Principe,STP,"Fertility rate, total (births per woman)",SP.DYN.TFRT.IN,5.82,5.278,4.788
Saudi Arabia,SAU,"Fertility rate, total (births per woman)",SP.DYN.TFRT.IN,5.911,3.971,2.96
Senegal,SEN,"Fertility rate, total (births per woman)",SP.DYN.TFRT.IN,6.53,5.471,5.063
Serbia,SRB,"Fertility rate, total (births per woman)",SP.DYN.TFRT.IN,..,1.48,1.4
Seychelles,SYC,"Fertility rate, total (births per woman)",SP.DYN.TFRT.IN,..,2.08,2.1
Sierra Leone,SLE,"Fertility rate, total (births per woman)",SP.DYN.TFRT.IN,6.721,6.319,5.202
Singapore,SGP,"Fertility rate, total (births per woman)",SP.DYN.TFRT.IN,1.83,1.6,1.15
Sint Maarten (Dutch part),SXM,"Fertility rate, total (births per woman)",SP.DYN.TFRT.IN,..,..,..
Slovak Republic,SVK,"Fertility rate, total (births per woman)",SP.DYN.TFRT.IN,2.09,1.3,1.43
Slovenia,SVN,"Fertility rate, total (births per woman)",SP.DYN.TFRT.IN,1.46,1.26,1.57
Small states,SST,"Fertility rate, total (births per woman)",SP.DYN.TFRT.IN,4.03467033991234,3.44167455980965,3.06658741426933
Solomon Islands,SLB,"Fertility rate, total (births per woman)",SP.DYN.TFRT.IN,5.851,4.72,4.235
Somalia,SOM,"Fertility rate, total (births per woman)",SP.DYN.TFRT.IN,7.397,7.623,6.866
South Africa,ZAF,"Fertility rate, total (births per woman)",SP.DYN.TFRT.IN,3.654,2.829,2.588
South Asia,SAS,"Fertility rate, total (births per woman)",SP.DYN.TFRT.IN,4.28911820779678,3.46226268664959,2.74423989829737
South Asia (IDA & IBRD),TSA,"Fertility rate, total (births per woman)",SP.DYN.TFRT.IN,4.28911820779678,3.46226268664959,2.74423989829738
South Sudan,SSD,"Fertility rate, total (births per woman)",SP.DYN.TFRT.IN,6.761,6.223,5.376
Spain,ESP,"Fertility rate, total (births per woman)",SP.DYN.TFRT.IN,1.36,1.22,1.37
Sri Lanka,LKA,"Fertility rate, total (births per woman)",SP.DYN.TFRT.IN,2.483,2.241,2.203
St. Kitts and Nevis,KNA,"Fertility rate, total (births per woman)",SP.DYN.TFRT.IN,..,..,..
St. Lucia,LCA,"Fertility rate, total (births per woman)",SP.DYN.TFRT.IN,3.399,2.202,1.538
St. Martin (French part),MAF,"Fertility rate, total (births per woman)",SP.DYN.TFRT.IN,2.12,1.83,1.82
St. Vincent and the Grenadines,VCT,"Fertility rate, total (births per woman)",SP.DYN.TFRT.IN,2.956,2.379,2.07
Sub-Saharan Africa,SSF,"Fertility rate, total (births per woman)",SP.DYN.TFRT.IN,6.33363192614216,5.77406956592025,5.25084989725339
Sub-Saharan Africa (excluding high income),SSA,"Fertility rate, total (births per woman)",SP.DYN.TFRT.IN,6.33363192614216,5.77460434573526,5.25121856024071
Sub-Saharan Africa (IDA & IBRD countries),TSS,"Fertility rate, total (births per woman)",SP.DYN.TFRT.IN,6.33363192614216,5.77406956592025,5.25084989725339
Sudan,SDN,"Fertility rate, total (births per woman)",SP.DYN.TFRT.IN,6.152,5.471,4.876
Suriname,SUR,"Fertility rate, total (births per woman)",SP.DYN.TFRT.IN,3.267,2.861,2.52
Swaziland,SWZ,"Fertility rate, total (births per woman)",SP.DYN.TFRT.IN,5.619,4.187,3.527
Sweden,SWE,"Fertility rate, total (births per woman)",SP.DYN.TFRT.IN,2.13,1.54,1.98
Switzerland,CHE,"Fertility rate, total (births per woman)",SP.DYN.TFRT.IN,1.58,1.5,1.52
Syrian Arab Republic,SYR,"Fertility rate, total (births per woman)",SP.DYN.TFRT.IN,5.31,4.043,3.21
Tajikistan,TJK,"Fertility rate, total (births per woman)",SP.DYN.TFRT.IN,5.226,3.907,3.507
Tanzania,TZA,"Fertility rate, total (births per woman)",SP.DYN.TFRT.IN,6.213,5.689,5.427
Thailand,THA,"Fertility rate, total (births per woman)",SP.DYN.TFRT.IN,2.113,1.671,1.547
Timor-Leste,TLS,"Fertility rate, total (births per woman)",SP.DYN.TFRT.IN,5.34,7.112,6.234
Togo,TGO,"Fertility rate, total (births per woman)",SP.DYN.TFRT.IN,6.324,5.41,4.868
Tonga,TON,"Fertility rate, total (births per woman)",SP.DYN.TFRT.IN,4.644,4.25,3.913
Trinidad and Tobago,TTO,"Fertility rate, total (births per woman)",SP.DYN.TFRT.IN,2.453,1.753,1.806
Tunisia,TUN,"Fertility rate, total (births per woman)",SP.DYN.TFRT.IN,3.476,2.142,2.144
Turkey,TUR,"Fertility rate, total (births per woman)",SP.DYN.TFRT.IN,3.107,2.503,2.155
Turkmenistan,TKM,"Fertility rate, total (births per woman)",SP.DYN.TFRT.IN,4.344,2.824,2.833
Turks and Caicos Islands,TCA,"Fertility rate, total (births per woman)",SP.DYN.TFRT.IN,..,..,..
Tuvalu,TUV,"Fertility rate, total (births per woman)",SP.DYN.TFRT.IN,..,..,..
Uganda,UGA,"Fertility rate, total (births per woman)",SP.DYN.TFRT.IN,7.091,6.865,6.154
Ukraine,UKR,"Fertility rate, total (births per woman)",SP.DYN.TFRT.IN,1.844,1.11,1.443
United Arab Emirates,ARE,"Fertility rate, total (births per woman)",SP.DYN.TFRT.IN,4.454,2.644,1.869
United Kingdom,GBR,"Fertility rate, total (births per woman)",SP.DYN.TFRT.IN,1.83,1.64,1.92
United States,USA,"Fertility rate, total (births per woman)",SP.DYN.TFRT.IN,2.081,2.056,1.931
Upper middle income,UMC,"Fertility rate, total (births per woman)",SP.DYN.TFRT.IN,2.6284872939882,1.82773133150399,1.8160209402477
Uruguay,URY,"Fertility rate, total (births per woman)",SP.DYN.TFRT.IN,2.52,2.242,2.078
Uzbekistan,UZB,"Fertility rate, total (births per woman)",SP.DYN.TFRT.IN,4.072,2.58,2.342
Vanuatu,VUT,"Fertility rate, total (births per woman)",SP.DYN.TFRT.IN,4.927,4.368,3.498
"Venezuela, RB",VEN,"Fertility rate, total (births per woman)",SP.DYN.TFRT.IN,3.448,2.822,2.472
Vietnam,VNM,"Fertility rate, total (births per woman)",SP.DYN.TFRT.IN,3.553,2.01,1.946
Virgin Islands (U.S.),VIR,"Fertility rate, total (births per woman)",SP.DYN.TFRT.IN,2.954,2.06,1.81
West Bank and Gaza,PSE,"Fertility rate, total (births per woman)",SP.DYN.TFRT.IN,6.718,5.383,4.419
World,WLD,"Fertility rate, total (births per woman)",SP.DYN.TFRT.IN,3.25881121628158,2.66818452929966,2.50815012738214
"Yemen, Rep.",YEM,"Fertility rate, total (births per woman)",SP.DYN.TFRT.IN,8.606,6.313,4.674
Zambia,ZMB,"Fertility rate, total (births per woman)",SP.DYN.TFRT.IN,6.442,6.036,5.397
Zimbabwe,ZWE,"Fertility rate, total (births per woman)",SP.DYN.TFRT.IN,5.176,4.055,4.028
,,,,,,
,,,,,,
,,,,,,
Data from database: World Development Indicators,,,,,,
Last Updated: 10/30/2017,,,,,,
